ID,Predicted Production (GWh)
1,47878.73896717067
2,46298.41020864645
3,51535.624736170445
4,49744.84861612781
5,50763.74973972943
6,48226.61512519214
7,43899.16959568714
8,45124.17922172147
9,47170.62852377092
10,46377.542083610926
11,52430.378378223206
12,48756.30720291966
13,45685.84838215773
14,49722.06285423389
15,49285.179191476025
16,49648.24176011152
17,48281.2240114357
18,58413.66253283218
19,48068.94400892336
20,46503.82038688808
21,43879.59090264101
22,46989.94047840362
23,49942.52366722017
24,46793.29136291937
25,48039.78996389875
26,45881.84066680241
27,46876.00946400124
28,47365.46770580991
29,49545.52653857553
30,51889.35450357399
31,49002.71332427098
32,48037.87839701714
33,48648.711969759184
34,45594.85258634141
35,52508.879464888414
36,48939.22716588613
37,45966.71869699987
38,49913.81029941471
39,49533.55982195636
40,48040.268085201446
41,53481.166187896364
42,53409.05360625368
43,51327.04748111497
44,41034.94773607143
45,48146.30322985228
46,48907.21399094072
47,45470.213962585854
48,45848.3226703619
49,51552.63904218212
50,49052.39564093554
51,48947.00009714633
52,49749.6950785555
53,49656.39717530206
54,48271.19973089339
55,47859.848852413634
56,51142.769130861554
57,49820.6102629263
58,47967.30756290888
59,47949.859728980045
60,50260.94752703641
61,45800.08183717895
62,51593.43277623928
63,45289.06138355571
64,45330.694722500324
65,47452.0963781022
66,47535.27646116426
67,45267.5247994856
68,53804.85952463549
69,42693.83051216364
70,52171.75255437135
71,51207.63097715058
72,46137.31457632942
73,46542.79705903125
74,48414.984230230424
75,47294.5996091431
76,47385.73834503228
77,48058.02371890004
78,49204.83493699751
79,47559.17030448742
80,53693.68456321486
81,50096.49328260589
82,51063.55414979052
83,47878.14492018735
84,47500.49887427449
85,46037.748821278765
86,50558.44593888958
87,49648.43297127641
88,47511.127693183924
89,48065.6233668002
90,48841.930602766086
91,49069.65827281875
92,48993.97139964343
93,46987.783304427176
94,52806.70405687555
95,52293.57489601805
96,46065.407173754225
97,41794.83760555577
98,48350.93033310669
99,47720.90397916154
100,48148.05811060118
101,51532.61805222144
102,48655.44137496986
103,48211.00859865473
104,49978.59829839737
105,45658.0821736766
106,49906.51248264026
107,49148.2584456237
108,51407.16455188742
109,51938.13637456823
110,49066.32726189632
111,43830.968922353146
112,46803.90245447158
113,47416.0620627792
114,49435.342431727986
115,45162.05957216384
116,51352.194775262
117,49132.371233364494
118,47806.648971805014
119,51188.284899414946
120,51820.14689480284
121,48580.0027673118
122,51584.34304799798
123,44007.69356461574
124,46503.05244240284
125,50034.48760920263
126,46329.526489489705
127,51403.38590183574
128,51535.88303001441
129,47171.40994280108
130,42242.20013540917
131,46146.50377243198
132,44590.58686884206
133,54020.41286079482
134,46078.957605234275
135,47211.399218467406
136,47693.02970250819
137,49073.50974409138
138,52658.81777055777
139,49197.33494158121
140,47697.06036522054
141,48699.84738766057
142,47156.80713163485
143,43800.4456319165
144,46529.76378646873
145,50512.36115537257
146,53059.21074554594
147,47588.55306407078
148,47750.42341782686
149,52361.19339524861
150,47101.749562242156
151,52202.26289338601
152,48794.27968844367
153,50678.9905218137
154,49567.99660353735
155,51836.15696814537
156,48247.21846462626
157,51903.9692232197
158,45730.05694783182
159,47713.68365579923
160,53936.860166668535
161,50262.87279599131
162,47260.639295773835
163,46549.31145244354
164,43944.00151938835
165,55097.496055742995
166,49255.93089754905
167,48630.50843786498
168,44784.112617009225
169,45152.84729946518
170,52210.54359431132
171,51584.655782277456
172,48385.67000670305
173,47025.40113454676
174,48485.678462268574
175,51658.209605665754
176,49791.893318324524
177,54416.60472996816
178,50964.616603720235
179,49060.948962872026
180,49672.11488291169
181,45467.79386419529
182,39856.81702313005
183,47042.24160942808
184,50442.91453923408
185,49658.796187725224
186,49552.505299645854
187,48021.696126175644
188,47144.24972694621
189,49580.96190789803
190,48804.73648867706
191,50770.58949545999
192,46460.20733320447
193,49737.630505390145
194,51749.628239684374
195,44464.864243864955
196,44441.91497998047
197,54898.891794818745
198,49399.21352081486
199,49330.91443399547
200,51233.859024739686
201,48442.30514452366
202,50122.691791644844
203,48456.21278333219
204,47878.47132398265
205,46332.163119702265
206,49810.571956592656
207,47760.11966164425
208,45608.97589440564
209,50154.502966855354
210,51837.75730847177
211,47420.64243554671
212,47342.49100136917
213,51642.266991258206
214,46090.50705179273
215,48952.25191138355
216,52905.5904197785
217,47033.916607006344
218,44767.764926881086
219,49383.15793930899
220,48655.91195940805
221,43437.14272894272
222,49535.007650531385
223,50251.19014370001
224,46717.88559155378
225,49838.810139476416
226,46892.706884456675
227,48659.28318928973
228,48300.37879872647
229,45883.20236563783
230,51597.409656899785
231,45843.480153285454
232,47822.934949184266
233,47756.25865678582
234,50407.8282431036
235,50795.27294850633
236,48851.14435437119
237,49576.2311074295
238,51156.27194698238
239,44768.86170969733
240,52655.32287304713
241,49157.251668543984
242,50018.71128915646
243,49542.57059191877
244,49389.21636457464
245,44972.97335681854
246,46949.30687410332
247,48148.254726251645
248,48112.35746314161
249,47074.362525398756
250,49337.6444880086
251,46303.7187717229
252,48250.41949997025
253,48906.85661068218
254,49533.0892934262
255,46984.110528562895
256,49277.56469533783
257,48688.141145505964
258,50277.554280535114
259,46050.95843914537
260,47647.474573506646
261,49924.68420384017
262,49002.01517751909
263,49999.0554197982
264,46603.70298867396
265,49629.72658516759
266,44662.87070969473
267,45232.103587300924
268,56440.32136122813
269,50185.280321729726
270,47204.710516610314
271,46254.57073713879
272,50855.498917500954
273,46582.052065133925
274,46856.94853272501
275,54658.11733451658
276,49201.17522839074
277,50087.646737646646
278,53709.396629250616
279,45365.790181966324
280,48133.12474031553
281,51701.44465711569
282,54197.96310862326
283,50854.86217501601
284,47746.64749060118
285,51565.475936802846
286,45892.6367940954
287,48779.85169089214
288,54440.405801689616
289,49975.356235373925
290,50367.32693741352
291,49841.29360308147
292,54543.39169554306
293,47795.31273247138
294,46720.08057899703
295,49873.160882959266
296,43377.70835380795
297,46694.01419665055
298,49712.20720788015
299,45930.092893699555
300,45526.7950074588
301,47346.040419173085
302,47385.112850076344
303,47407.479949798275
304,48028.31624274745
305,51949.14388707978
306,49144.571385492236
307,46932.962488676414
308,50230.924097404786
309,46906.20891291499
310,48346.79196434755
311,50876.59169270248
312,49019.609121094
313,51605.742065484745
314,49372.85044517721
315,48462.62343980878
316,51540.90916602899
317,54138.122875393834
318,49286.22733816082
319,49325.091475359135
320,46391.765886155394
321,48369.763828842166
322,46125.669278311914
323,47460.45703308784
324,50150.34954342343
325,43286.16782799269
326,46272.93207275671
327,43051.73348392033
328,43769.57540041059
329,45648.52767076836
330,44240.62710216126
331,46236.561738094526
332,47096.039860064426
333,51993.12502677929
334,48880.95808721739
335,45268.93291842026
336,49038.15045286143
337,49001.4861071779
338,51311.33178510367
339,48541.54370591353
340,48706.20478178587
341,47893.17775999757
342,49938.37817055489
343,43952.37875375106
344,51166.98857191727
345,47119.10623893259
346,46170.42540206194
347,45333.86796132054
348,44834.45026103887
349,48408.824323727094
350,52034.027339946486
351,49431.54573657334
352,49138.20568319275
353,46828.603391660836
354,47692.537952707426
355,49545.498116528404
356,50054.04786206154
357,44757.50059852925
358,53325.9532188812
359,44291.88345613785
360,49016.91536714974
361,49231.534405715865
362,48294.336026022145
363,49181.79546068551
364,47346.56090077272
365,45924.79557855686
366,49895.977541466666
367,45740.28766250434
368,45919.32248005774
369,44153.016653969986
370,47201.76963267564
371,49563.864607444564
372,45561.04718628581
373,47390.307894572485
374,50598.02026549862
375,50446.844863394515
376,45224.627784356315
377,47836.35665849632
378,48916.869338161756
379,47314.89632013184
380,47899.22281438858
381,49215.06725004951
382,49523.644283903675
383,48609.144407770626
384,45442.994637634496
385,49473.853593976
386,46874.05314165785
387,48161.42559766138
388,50463.806632133055
389,46779.9595646514
390,49519.358710957065
391,50944.742750003265
392,52357.87499626246
393,54114.62270829188
394,47850.39385168713
395,49391.68364129916
396,48495.446825748586
397,49348.79069156329
398,48309.92783559543
399,49581.522313529196
400,46127.34985496222
401,50628.77205248706
402,48969.597886063995
403,49268.45864089868
404,48075.26080975145
405,46239.630843987565
406,49843.758634734826
407,48850.23771836877
408,45701.371526536306
409,46959.5384029755
410,47596.24152083785
411,50945.769747210456
412,46779.288517821544
413,50012.45162437285
414,47802.085506619296
415,46316.123060964186
416,46516.22377441963
417,48708.48487941735
418,49955.86566246946
419,46722.12072335173
420,42524.14626798283
421,54943.43077025129
422,46863.999622373674
423,47940.107077897104
424,45701.90200911389
425,47292.93177640058
426,48570.246467362515
427,50348.45809019327
428,47849.70675621828
429,50070.00444325097
430,47940.80835260351
431,44239.56815623697
432,49801.920886788095
433,49321.565799968615
434,48885.84673380733
435,48794.39135773931
436,49404.52658561613
437,49167.946681519825
438,46908.8877367698
439,45923.205703377025
440,45928.67018055337
441,47401.19871155012
442,49098.420412698535
443,50776.728435619996
444,48609.185575953124
445,47354.06316141251
446,46660.55357896717
447,49874.15310075218
448,46773.17754025499
449,50083.74330096423
450,46423.511574908065
451,49444.03917275117
452,45825.44224486217
453,56832.99028954182
454,45593.13764598323
455,47699.345169875975
456,49966.84213423078
457,48087.54132572527
458,50521.47943199909
459,49429.84914829999
460,50820.66765288899
461,47261.71399174464
462,47060.57627375782
463,45988.0140065815
464,51185.17545535402
465,45632.59506257182
466,50045.57153246293
467,48834.03356874529
468,51441.3625557398
469,47834.36582298939
470,49480.31116816649
471,47528.225804711365
472,50899.23516145384
473,49572.652170302325
474,50018.33785776974
475,51295.323723598915
476,47337.63446393334
477,48486.87969597369
478,45448.536569042204
479,48241.92653646549
480,48643.05996048697
481,46116.963139795655
482,50010.70167582761
483,45533.26571395113
484,49930.5457210119
485,51134.481536000705
486,51307.682407271226
487,48472.38286478529
488,48067.5760739104
489,49957.247988219344
490,49067.42158179644
491,49445.982567740015
492,45906.45510344318
493,47549.647161937515
494,50664.13473698808
495,45811.32270538538
496,46686.8846221957
497,53377.93192787887
498,47097.39479915731
499,47061.33386619132
500,50690.70467288945
501,52341.830631335535
502,48664.82983373039
503,46650.05083707494
504,47814.57946786005
505,48151.65137737727
506,46567.861369553044
507,48448.58776723959
508,51471.36243266794
509,50536.30396675438
510,49489.44681874433
511,49124.846131451886
512,49679.90598698138
513,47536.87327414661
514,47910.62474837388
515,50296.18502452796
516,52933.35276874887
517,47261.414567770706
518,52056.2569517808
519,48869.82798119325
520,45774.60349018766
521,44012.67203753022
522,46494.048054308696
523,50853.37941103429
524,43249.070926627566
525,48255.15709502652
526,47896.99449970097
527,51699.58234139009
528,43931.928799203975
529,47093.3883458072
530,46351.057238087655
531,45838.46405020265
532,50703.023771523396
533,47895.58043248872
534,45291.184510465624
535,48173.72767707076
536,44345.93286905438
537,44982.12617882576
538,47120.124312449916
539,47114.526022943806
540,45490.784735307665
541,48616.90154206596
542,53723.84226051762
543,48905.64333299626
544,48554.59858021515
545,48256.49122484424
546,48731.26523160722
547,49777.05441232012
548,50031.32610696374
549,46250.22747548444
550,43422.83140704999
551,50462.592344319506
552,44276.330096946585
553,49798.2709587144
554,51682.23767538468
555,47563.79405696741
556,47138.876682226415
557,49044.22088241613
558,45483.37104901826
559,49714.4388037777
560,51962.32045856086
561,50083.63576788434
562,50449.464617968
563,49432.73023458807
564,51835.87346320401
565,46302.56124915733
566,50357.388280394014
567,50331.07957836302
568,52255.536828764394
569,46630.153958275354
570,49449.25612108778
571,48257.41196940248
572,47805.85766457529
573,47002.85856875299
574,49201.827760470806
575,48564.862293414
576,49584.3231337545
577,48324.62717003968
578,47569.51815244147
579,47794.28907026706
580,49388.98196952637
581,47143.95585237011
582,48836.716138373915
583,47068.97015396375
584,46659.3816522558
585,47090.33105335951
586,51089.020357553876
587,44788.51957081613
588,47386.0003951607
589,44997.10061351783
590,50041.74770704974
591,45310.674158233924
592,49782.711187793364
593,43403.758663473745
594,47950.63042586166
595,43340.67181984973
596,48024.96821714329
597,46747.16123023616
598,45856.5588108702
599,50757.32348810898
600,46352.184165157705
